id,name,age,email
1,Varun,28,varun1@gmail.com
2,Xavier,21,xavier2@gmail.com
3,Naveen,22,naveen3@gmail.com
4,Esha,23,esha4@gmail.com
5,Parth,26,parth5@gmail.com
6,Gokul,30,gokul6@gmail.com
7,Deepak,23,deepak7@gmail.com
8,Uma,24,uma8@gmail.com
9,Nikhil,29,nikhil9@gmail.com
10,Bala,27,bala10@gmail.com
11,Sita,29,sita11@gmail.com
12,Farah,27,farah12@gmail.com
13,Irfan,22,irfan13@gmail.com
14,Eshwar,23,eshwar14@gmail.com
15,Jay,27,jay15@gmail.com
16,Lakshman,30,lakshman16@gmail.com
17,Bhavesh,30,bhavesh17@gmail.com
18,Jatin,27,jatin18@gmail.com
19,Jatin,24,jatin19@gmail.com
20,Zubin,23,zubin20@gmail.com
21,Harini,22,harini21@gmail.com
22,Priya,29,priya22@gmail.com
23,Qasim,22,qasim23@gmail.com
24,Kiran,25,kiran24@gmail.com
25,Waseem,23,waseem25@gmail.com
26,Priya,30,priya26@gmail.com
27,Vikram,26,vikram27@gmail.com
28,Kiran,26,kiran28@gmail.com
29,Yash,23,yash29@gmail.com
30,Naveen,27,naveen30@gmail.com
31,Naveen,27,naveen31@gmail.com
32,Chandru,26,chandru32@gmail.com
33,Gautham,23,gautham33@gmail.com
34,Bala,27,bala34@gmail.com
35,Priya,27,priya35@gmail.com
36,Anita,26,anita36@gmail.com
37,Waseem,27,waseem37@gmail.com
38,Arun,22,arun38@gmail.com
39,Farah,26,farah39@gmail.com
40,Irfan,22,irfan40@gmail.com
41,Esha,23,esha41@gmail.com
42,Sakthi,27,sakthi42@gmail.com
43,Eshwar,25,eshwar43@gmail.com
44,Sita,29,sita44@gmail.com
45,Arun,30,arun45@gmail.com
46,Rohan,26,rohan46@gmail.com
47,Nikhil,23,nikhil47@gmail.com
48,Lakshman,28,lakshman48@gmail.com
49,Chitra,30,chitra49@gmail.com
50,Bala,27,bala50@gmail.com
51,tamil,23,tamil98@gmail.com
